Joseph,Wilson,joseph.wilson@coloradocollege.edu
Rebecca,Roberts,rebecca.roberts@coloradocollege.edu
Amy,Anderson,amy.anderson@coloradocollege.edu
Elizabeth,Sanderson,elizabeth.sanderson@coloradocollege.edu
Faith,Ince,faith.ince@coloradocollege.edu
Yvonne,Marshall,yvonne.marshall@coloradocollege.edu
Anthony,Anderson,anthony.anderson@coloradocollege.edu
Molly,McGrath,molly.mcgrath@coloradocollege.edu
Peter,Allan,peter.allan@coloradocollege.edu
Nicholas,Miller,nicholas.miller@coloradocollege.edu
Alexander,Alsop,alexander.alsop@coloradocollege.edu
Emma,Mitchell,emma.mitchell@coloradocollege.edu
Anne,Murray,anne.murray@coloradocollege.edu
Grace,Walsh,grace.walsh@coloradocollege.edu
Una,Rampling,una.rampling@coloradocollege.edu
Joseph,Rampling,joseph.rampling@coloradocollege.edu
Richard,Gray,richard.gray@coloradocollege.edu
Leonard,Terry,leonard.terry@coloradocollege.edu
Sophie,May,sophie.may@coloradocollege.edu
John,Vaughan,john.vaughan@coloradocollege.edu
Brian,Springer,brian.springer@coloradocollege.edu
Emma,McLean,emma.mclean@coloradocollege.edu
Lucas,Underwood,lucas.underwood@coloradocollege.edu
Lucas,Hart,lucas.hart@coloradocollege.edu
Emily,Langdon,emily.langdon@coloradocollege.edu
Dominic,Taylor,dominic.taylor@coloradocollege.edu
Cameron,Ellison,cameron.ellison@coloradocollege.edu
Wendy,Vance,wendy.vance@coloradocollege.edu
Keith,Miller,keith.miller@coloradocollege.edu
Luke,Morgan,luke.morgan@coloradocollege.edu
John,Vance,john.vance@coloradocollege.edu
Benjamin,Carr,benjamin.carr@coloradocollege.edu
Peter,Clarkson,peter.clarkson@coloradocollege.edu
Stewart,Paterson,stewart.paterson@coloradocollege.edu
Ruth,Nolan,ruth.nolan@coloradocollege.edu
Anne,Wallace,anne.wallace@coloradocollege.edu
Amanda,Berry,amanda.berry@coloradocollege.edu
Christopher,Walker,christopher.walker@coloradocollege.edu
Paul,Sutherland,paul.sutherland@coloradocollege.edu
Wanda,Wright,wanda.wright@coloradocollege.edu
Sophie,Paterson,sophie.paterson@coloradocollege.edu
Katherine,Sanderson,katherine.sanderson@coloradocollege.edu
Christian,Rees,christian.rees@coloradocollege.edu
Yvonne,Carr,yvonne.carr@coloradocollege.edu
Christopher,Vaughan,christopher.vaughan@coloradocollege.edu
Joshua,McLean,joshua.mclean@coloradocollege.edu
Warren,Black,warren.black@coloradocollege.edu
Neil,Dowd,neil.dowd@coloradocollege.edu
Anna,Henderson,anna.henderson@coloradocollege.edu
Jane,Murray,jane.murray@coloradocollege.edu
William,McGrath,william.mcgrath@coloradocollege.edu
Sebastian,Vaughan,sebastian.vaughan@coloradocollege.edu
Dylan,Mitchell,dylan.mitchell@coloradocollege.edu
Cameron,Campbell,cameron.campbell@coloradocollege.edu
Mary,Manning,mary.manning@coloradocollege.edu
Pippa,Coleman,pippa.coleman@coloradocollege.edu
Dan,Berry,dan.berry@coloradocollege.edu
Rose,Turner,rose.turner@coloradocollege.edu
Irene,MacDonald,irene.macdonald@coloradocollege.edu
Nicola,Lee,nicola.lee@coloradocollege.edu
Jasmine,Slater,jasmine.slater@coloradocollege.edu
Claire,King,claire.king@coloradocollege.edu
Max,Kelly,max.kelly@coloradocollege.edu
Zoe,Quinn,zoe.quinn@coloradocollege.edu
Richard,Slater,richard.slater@coloradocollege.edu
Austin,Henderson,austin.henderson@coloradocollege.edu
Sarah,Turner,sarah.turner@coloradocollege.edu
Oliver,Edmunds,oliver.edmunds@coloradocollege.edu
Jack,Gibson,jack.gibson@coloradocollege.edu
Thomas,Vance,thomas.vance@coloradocollege.edu
Paul,Peters,paul.peters@coloradocollege.edu
Dominic,Rutherford,dominic.rutherford@coloradocollege.edu
Lauren,Fisher,lauren.fisher@coloradocollege.edu
Luke,Allan,luke.allan@coloradocollege.edu
Dominic,Murray,dominic.murray@coloradocollege.edu
Rebecca,Hunter,rebecca.hunter@coloradocollege.edu
Thomas,Ross,thomas.ross@coloradocollege.edu
Austin,Cameron,austin.cameron@coloradocollege.edu
Anna,Lawrence,anna.lawrence@coloradocollege.edu
Theresa,Rees,theresa.rees@coloradocollege.edu
Andrea,Vance,andrea.vance@coloradocollege.edu
Andrea,Short,andrea.short@coloradocollege.edu
Stewart,Jones,stewart.jones@coloradocollege.edu
Thomas,Kerr,thomas.kerr@coloradocollege.edu
Christopher,Churchill,christopher.churchill@coloradocollege.edu
Kimberly,Glover,kimberly.glover@coloradocollege.edu
Owen,Marshall,owen.marshall@coloradocollege.edu
Angela,Anderson,angela.anderson@coloradocollege.edu
Bernadette,Brown,bernadette.brown@coloradocollege.edu
Stephen,Churchill,stephen.churchill@coloradocollege.edu
Julian,Mathis,julian.mathis@coloradocollege.edu
Zoe,Morgan,zoe.morgan@coloradocollege.edu
Kimberly,Knox,kimberly.knox@coloradocollege.edu
Paul,Powell,paul.powell@coloradocollege.edu
Anne,Vance,anne.vance@coloradocollege.edu
Lauren,Martin,lauren.martin@coloradocollege.edu
Grace,Bower,grace.bower@coloradocollege.edu
Sebastian,Edmunds,sebastian.edmunds@coloradocollege.edu
Boris,Clarkson,boris.clarkson@coloradocollege.edu
Victor,Ince,victor.ince@coloradocollege.edu
Neil,Miller,neil.miller@coloradocollege.edu
Diana,Langdon,diana.langdon@coloradocollege.edu
Kimberly,Hill,kimberly.hill@coloradocollege.edu
Wendy,Ferguson,wendy.ferguson@coloradocollege.edu
Leonard,Robertson,leonard.robertson@coloradocollege.edu
Lucas,Paige,lucas.paige@coloradocollege.edu
Colin,Walker,colin.walker@coloradocollege.edu
Jonathan,Black,jonathan.black@coloradocollege.edu
James,Ross,james.ross@coloradocollege.edu
Rebecca,Hudson,rebecca.hudson@coloradocollege.edu
Lisa,Fisher,lisa.fisher@coloradocollege.edu
Boris,Young,boris.young@coloradocollege.edu
William,Tucker,william.tucker@coloradocollege.edu
Jake,Peake,jake.peake@coloradocollege.edu
Carolyn,Bailey,carolyn.bailey@coloradocollege.edu
Ava,Roberts,ava.roberts@coloradocollege.edu
Victor,Graham,victor.graham@coloradocollege.edu
Rose,Cameron,rose.cameron@coloradocollege.edu
Blake,Anderson,blake.anderson@coloradocollege.edu
Megan,Oliver,megan.oliver@coloradocollege.edu
Anna,Oliver,anna.oliver@coloradocollege.edu
Nicholas,Alsop,nicholas.alsop@coloradocollege.edu
Alison,Davidson,alison.davidson@coloradocollege.edu
Zoe,Avery,zoe.avery@coloradocollege.edu
Jack,Jackson,jack.jackson@coloradocollege.edu
Connor,Young,connor.young@coloradocollege.edu
Owen,Manning,owen.manning@coloradocollege.edu
Adrian,Jones,adrian.jones@coloradocollege.edu
Piers,Graham,piers.graham@coloradocollege.edu
Rebecca,Ferguson,rebecca.ferguson@coloradocollege.edu
Bernadette,Morgan,bernadette.morgan@coloradocollege.edu
Lisa,Hemmings,lisa.hemmings@coloradocollege.edu
Joshua,Glover,joshua.glover@coloradocollege.edu
Michael,Watson,michael.watson@coloradocollege.edu
Karen,Miller,karen.miller@coloradocollege.edu
Harry,Jackson,harry.jackson@coloradocollege.edu
Diane,McLean,diane.mclean@coloradocollege.edu
Andrew,Black,andrew.black@coloradocollege.edu
Stewart,Hart,stewart.hart@coloradocollege.edu
Joseph,Paterson,joseph.paterson@coloradocollege.edu
William,Springer,william.springer@coloradocollege.edu
Samantha,Gibson,samantha.gibson@coloradocollege.edu
Victor,Stewart,victor.stewart@coloradocollege.edu
Amanda,Hart,amanda.hart@coloradocollege.edu
Lauren,Watson,lauren.watson@coloradocollege.edu
Victor,Davies,victor.davies@coloradocollege.edu
Theresa,Alsop,theresa.alsop@coloradocollege.edu
Anne,Kelly,anne.kelly@coloradocollege.edu
Brian,Manning,brian.manning@coloradocollege.edu
Boris,Walsh,boris.walsh@coloradocollege.edu
Maria,Hill,maria.hill@coloradocollege.edu
Sarah,Brown,sarah.brown@coloradocollege.edu
Carolyn,Carr,carolyn.carr@coloradocollege.edu
Gordon,Short,gordon.short@coloradocollege.edu
James,Hodges,james.hodges@coloradocollege.edu
Andrea,Smith,andrea.smith@coloradocollege.edu
Jason,Murray,jason.murray@coloradocollege.edu
Connor,Glover,connor.glover@coloradocollege.edu
Leah,Springer,leah.springer@coloradocollege.edu
Neil,Duncan,neil.duncan@coloradocollege.edu
Joanne,Mackenzie,joanne.mackenzie@coloradocollege.edu
Amelia,Davies,amelia.davies@coloradocollege.edu
Colin,Paige,colin.paige@coloradocollege.edu
Virginia,Mitchell,virginia.mitchell@coloradocollege.edu
Andrea,Walker,andrea.walker@coloradocollege.edu
John,Hardacre,john.hardacre@coloradocollege.edu
Sean,Manning,sean.manning@coloradocollege.edu
Bella,Hill,bella.hill@coloradocollege.edu
Deirdre,Newman,deirdre.newman@coloradocollege.edu
Emily,Ball,emily.ball@coloradocollege.edu
Lisa,Graham,lisa.graham@coloradocollege.edu
Leonard,Duncan,leonard.duncan@coloradocollege.edu
Deirdre,Dyer,deirdre.dyer@coloradocollege.edu
James,Hughes,james.hughes@coloradocollege.edu
Andrea,Hardacre,andrea.hardacre@coloradocollege.edu
Rachel,Sharp,rachel.sharp@coloradocollege.edu
Adrian,Rutherford,adrian.rutherford@coloradocollege.edu
Felicity,Churchill,felicity.churchill@coloradocollege.edu
David,Davidson,david.davidson@coloradocollege.edu
Molly,North,molly.north@coloradocollege.edu
Sally,Paterson,sally.paterson@coloradocollege.edu
Hannah,Mathis,hannah.mathis@coloradocollege.edu
Sam,May,sam.may@coloradocollege.edu
Natalie,Ball,natalie.ball@coloradocollege.edu
Una,Mackay,una.mackay@coloradocollege.edu
Samantha,Robertson,samantha.robertson@coloradocollege.edu
Liam,Hudson,liam.hudson@coloradocollege.edu
Dorothy,Piper,dorothy.piper@coloradocollege.edu
Simon,Lawrence,simon.lawrence@coloradocollege.edu
Penelope,Chapman,penelope.chapman@coloradocollege.edu
Diane,Hart,diane.hart@coloradocollege.edu
Diana,Carr,diana.carr@coloradocollege.edu
Ryan,Wallace,ryan.wallace@coloradocollege.edu
Gabrielle,Dyer,gabrielle.dyer@coloradocollege.edu
Evan,Langdon,evan.langdon@coloradocollege.edu
Caroline,Newman,caroline.newman@coloradocollege.edu
Benjamin,Davidson,benjamin.davidson@coloradocollege.edu
Melanie,Hardacre,melanie.hardacre@coloradocollege.edu
Jason,Cameron,jason.cameron@coloradocollege.edu
Bernadette,Greene,bernadette.greene@coloradocollege.edu
Amy,MacDonald,amy.macdonald@coloradocollege.edu
Amy,Graham,amy.graham@coloradocollege.edu
Steven,Campbell,steven.campbell@coloradocollege.edu
Leah,MacLeod,leah.macleod@coloradocollege.edu
Dylan,Ince,dylan.ince@coloradocollege.edu
Joshua,Kelly,joshua.kelly@coloradocollege.edu
Ava,Dowd,ava.dowd@coloradocollege.edu
Hannah,Jones,hannah.jones@coloradocollege.edu
Sarah,Gill,sarah.gill@coloradocollege.edu
Vanessa,Rutherford,vanessa.rutherford@coloradocollege.edu
Alison,North,alison.north@coloradocollege.edu
Joe,Sutherland,joe.sutherland@coloradocollege.edu
Stewart,Burgess,stewart.burgess@coloradocollege.edu
Jacob,Nash,jacob.nash@coloradocollege.edu
Stewart,Dickens,stewart.dickens@coloradocollege.edu
Ian,MacDonald,ian.macdonald@coloradocollege.edu
Penelope,Miller,penelope.miller@coloradocollege.edu
Jake,Brown,jake.brown@coloradocollege.edu
Christian,Hardacre,christian.hardacre@coloradocollege.edu
Christian,Blake,christian.blake@coloradocollege.edu
Kevin,Gray,kevin.gray@coloradocollege.edu
Leonard,Hamilton,leonard.hamilton@coloradocollege.edu
Adam,Marshall,adam.marshall@coloradocollege.edu
Oliver,Clarkson,oliver.clarkson@coloradocollege.edu
Connor,Johnston,connor.johnston@coloradocollege.edu
Amelia,Martin,amelia.martin@coloradocollege.edu
Charles,Brown,charles.brown@coloradocollege.edu
Steven,Vance,steven.vance@coloradocollege.edu
Joshua,Hughes,joshua.hughes@coloradocollege.edu
Alan,Parr,alan.parr@coloradocollege.edu
Lillian,Wilkins,lillian.wilkins@coloradocollege.edu
Katherine,Edmunds,katherine.edmunds@coloradocollege.edu
Connor,Abraham,connor.abraham@coloradocollege.edu
Luke,Young,luke.young@coloradocollege.edu
John,Welch,john.welch@coloradocollege.edu
Angela,Berry,angela.berry@coloradocollege.edu
Brian,Powell,brian.powell@coloradocollege.edu
Stephen,Carr,stephen.carr@coloradocollege.edu
Harry,Butler,harry.butler@coloradocollege.edu
Abigail,Burgess,abigail.burgess@coloradocollege.edu
Jason,Edmunds,jason.edmunds@coloradocollege.edu
Alexander,Henderson,alexander.henderson@coloradocollege.edu
Steven,Lee,steven.lee@coloradocollege.edu
Alexander,Miller,alexander.miller@coloradocollege.edu
Jacob,Churchill,jacob.churchill@coloradocollege.edu
Andrea,Vaughan,andrea.vaughan@coloradocollege.edu
Blake,Tucker,blake.tucker@coloradocollege.edu
Trevor,Hughes,trevor.hughes@coloradocollege.edu
Boris,Dyer,boris.dyer@coloradocollege.edu
Lauren,Abraham,lauren.abraham@coloradocollege.edu
Wendy,Gray,wendy.gray@coloradocollege.edu
Jacob,Jones,jacob.jones@coloradocollege.edu
Leah,Lambert,leah.lambert@coloradocollege.edu
Melanie,MacDonald,melanie.macdonald@coloradocollege.edu
Alan,Ball,alan.ball@coloradocollege.edu
Diane,Fraser,diane.fraser@coloradocollege.edu
Christopher,Rutherford,christopher.rutherford@coloradocollege.edu
Jasmine,Howard,jasmine.howard@coloradocollege.edu
Jonathan,Oliver,jonathan.oliver@coloradocollege.edu
Oliver,Vaughan,oliver.vaughan@coloradocollege.edu
Gordon,Springer,gordon.springer@coloradocollege.edu
Jane,Bower,jane.bower@coloradocollege.edu
Irene,Parr,irene.parr@coloradocollege.edu
Evan,Bond,evan.bond@coloradocollege.edu
Chloe,Wright,chloe.wright@coloradocollege.edu
Hannah,Ince,hannah.ince@coloradocollege.edu
Blake,Springer,blake.springer@coloradocollege.edu
Neil,Harris,neil.harris@coloradocollege.edu
Peter,Mathis,peter.mathis@coloradocollege.edu
Grace,Dyer,grace.dyer@coloradocollege.edu
Adam,Ogden,adam.ogden@coloradocollege.edu
Oliver,Smith,oliver.smith@coloradocollege.edu
Isaac,MacDonald,isaac.macdonald@coloradocollege.edu
Piers,Arnold,piers.arnold@coloradocollege.edu
Donna,Hemmings,donna.hemmings@coloradocollege.edu
Cameron,MacLeod,cameron.macleod@coloradocollege.edu
Cameron,Lyman,cameron.lyman@coloradocollege.edu
Connor,Peake,connor.peake@coloradocollege.edu
Natalie,Smith,natalie.smith@coloradocollege.edu
Dorothy,Coleman,dorothy.coleman@coloradocollege.edu
Natalie,Bell,natalie.bell@coloradocollege.edu
Heather,Knox,heather.knox@coloradocollege.edu
Deirdre,Fisher,deirdre.fisher@coloradocollege.edu
Elizabeth,Terry,elizabeth.terry@coloradocollege.edu
Irene,Wilkins,irene.wilkins@coloradocollege.edu
Joanne,Howard,joanne.howard@coloradocollege.edu
Hannah,Jackson,hannah.jackson@coloradocollege.edu
Vanessa,Ball,vanessa.ball@coloradocollege.edu
Thomas,Miller,thomas.miller@coloradocollege.edu
Diane,Parsons,diane.parsons@coloradocollege.edu
Brandon,Quinn,brandon.quinn@coloradocollege.edu
Phil,McGrath,phil.mcgrath@coloradocollege.edu
Brian,Poole,brian.poole@coloradocollege.edu
Karen,Clarkson,karen.clarkson@coloradocollege.edu
Virginia,Parr,virginia.parr@coloradocollege.edu
Harry,Kelly,harry.kelly@coloradocollege.edu
Melanie,Oliver,melanie.oliver@coloradocollege.edu
Hannah,Lambert,hannah.lambert@coloradocollege.edu
Diana,Anderson,diana.anderson@coloradocollege.edu
Sebastian,Buckland,sebastian.buckland@coloradocollege.edu
Brandon,Short,brandon.short@coloradocollege.edu
Carl,Forsyth,carl.forsyth@coloradocollege.edu
Sonia,Murray,sonia.murray@coloradocollege.edu
Donna,Blake,donna.blake@coloradocollege.edu
Sean,Paige,sean.paige@coloradocollege.edu
Victoria,Henderson,victoria.henderson@coloradocollege.edu
Kevin,Lambert,kevin.lambert@coloradocollege.edu
Liam,Arnold,liam.arnold@coloradocollege.edu
Nathan,Sharp,nathan.sharp@coloradocollege.edu
Carl,Ince,carl.ince@coloradocollege.edu
Jasmine,McLean,jasmine.mclean@coloradocollege.edu
Molly,Jones,molly.jones@coloradocollege.edu
Stephanie,Poole,stephanie.poole@coloradocollege.edu
Deirdre,Walker,deirdre.walker@coloradocollege.edu
Dorothy,Burgess,dorothy.burgess@coloradocollege.edu
Rebecca,Robertson,rebecca.robertson@coloradocollege.edu
Sam,Kerr,sam.kerr@coloradocollege.edu
Ryan,Manning,ryan.manning@coloradocollege.edu
Neil,Newman,neil.newman@coloradocollege.edu
Paul,King,paul.king@coloradocollege.edu
Jane,Wallace,jane.wallace@coloradocollege.edu
Yvonne,Wright,yvonne.wright@coloradocollege.edu
Blake,Baker,blake.baker@coloradocollege.edu
Olivia,Arnold,olivia.arnold@coloradocollege.edu
Angela,Wilkins,angela.wilkins@coloradocollege.edu
Megan,Lee,megan.lee@coloradocollege.edu
Isaac,Ross,isaac.ross@coloradocollege.edu
Richard,Carr,richard.carr@coloradocollege.edu
Dorothy,Fraser,dorothy.fraser@coloradocollege.edu
Luke,Sutherland,luke.sutherland@coloradocollege.edu
Carol,Ball,carol.ball@coloradocollege.edu
Anna,Hunter,anna.hunter@coloradocollege.edu
Faith,Walsh,faith.walsh@coloradocollege.edu
Ruth,Howard,ruth.howard@coloradocollege.edu
Abigail,Hudson,abigail.hudson@coloradocollege.edu
Anna,Mills,anna.mills@coloradocollege.edu
Gabrielle,Dickens,gabrielle.dickens@coloradocollege.edu
Jake,Hemmings,jake.hemmings@coloradocollege.edu
Brian,Ince,brian.ince@coloradocollege.edu
Charles,Gibson,charles.gibson@coloradocollege.edu
Julia,Dyer,julia.dyer@coloradocollege.edu
Zoe,Lambert,zoe.lambert@coloradocollege.edu
Felicity,Walsh,felicity.walsh@coloradocollege.edu
Ian,Hughes,ian.hughes@coloradocollege.edu
Jacob,Hemmings,jacob.hemmings@coloradocollege.edu
Wanda,Arnold,wanda.arnold@coloradocollege.edu
Stewart,Gray,stewart.gray@coloradocollege.edu
Jonathan,Hardacre,jonathan.hardacre@coloradocollege.edu
Amanda,Lyman,amanda.lyman@coloradocollege.edu
Amelia,Nolan,amelia.nolan@coloradocollege.edu
Cameron,Reid,cameron.reid@coloradocollege.edu
Gavin,Butler,gavin.butler@coloradocollege.edu
Joe,Slater,joe.slater@coloradocollege.edu
Madeleine,Wilkins,madeleine.wilkins@coloradocollege.edu
Trevor,Kerr,trevor.kerr@coloradocollege.edu
Eric,Wilkins,eric.wilkins@coloradocollege.edu
Gabrielle,Reid,gabrielle.reid@coloradocollege.edu
Fiona,Watson,fiona.watson@coloradocollege.edu
Leah,Glover,leah.glover@coloradocollege.edu
Ava,Vaughan,ava.vaughan@coloradocollege.edu
Dorothy,Watson,dorothy.watson@coloradocollege.edu
Brian,Bond,brian.bond@coloradocollege.edu
Theresa,Jones,theresa.jones@coloradocollege.edu
Adam,Underwood,adam.underwood@coloradocollege.edu
Jason,Thomson,jason.thomson@coloradocollege.edu
Gavin,Blake,gavin.blake@coloradocollege.edu
Tim,Lee,tim.lee@coloradocollege.edu
Julia,Blake,julia.blake@coloradocollege.edu
Molly,Hudson,molly.hudson@coloradocollege.edu
Evan,Abraham,evan.abraham@coloradocollege.edu
Leonard,Underwood,leonard.underwood@coloradocollege.edu
Amelia,Johnston,amelia.johnston@coloradocollege.edu
Sam,Lee,sam.lee@coloradocollege.edu
Dominic,Lyman,dominic.lyman@coloradocollege.edu
Sally,Clarkson,sally.clarkson@coloradocollege.edu
Grace,Wilson,grace.wilson@coloradocollege.edu
Warren,Wright,warren.wright@coloradocollege.edu
Christian,Coleman,christian.coleman@coloradocollege.edu
Rachel,James,rachel.james@coloradocollege.edu
Diana,Abraham,diana.abraham@coloradocollege.edu
Neil,Ross,neil.ross@coloradocollege.edu
Caroline,Parsons,caroline.parsons@coloradocollege.edu
Charles,Graham,charles.graham@coloradocollege.edu
Andrew,Lyman,andrew.lyman@coloradocollege.edu
Kylie,Jackson,kylie.jackson@coloradocollege.edu
Joanne,May,joanne.may@coloradocollege.edu
Sebastian,Burgess,sebastian.burgess@coloradocollege.edu
Phil,Morgan,phil.morgan@coloradocollege.edu
Connor,Hemmings,connor.hemmings@coloradocollege.edu
Mary,Gibson,mary.gibson@coloradocollege.edu
Dylan,Glover,dylan.glover@coloradocollege.edu
Benjamin,Fraser,benjamin.fraser@coloradocollege.edu
Stephen,Newman,stephen.newman@coloradocollege.edu
Max,Lawrence,max.lawrence@coloradocollege.edu
Nathan,Walsh,nathan.walsh@coloradocollege.edu
Sam,Young,sam.young@coloradocollege.edu
Olivia,Metcalfe,olivia.metcalfe@coloradocollege.edu
Max,Kerr,max.kerr@coloradocollege.edu
Dylan,Vance,dylan.vance@coloradocollege.edu
Mary,Black,mary.black@coloradocollege.edu
Sebastian,Taylor,sebastian.taylor@coloradocollege.edu
Lily,Scott,lily.scott@coloradocollege.edu
Owen,Terry,owen.terry@coloradocollege.edu
Steven,Smith,steven.smith@coloradocollege.edu
Joseph,Springer,joseph.springer@coloradocollege.edu
Grace,Murray,grace.murray@coloradocollege.edu
Tracey,Russell,tracey.russell@coloradocollege.edu
Tracey,Howard,tracey.howard@coloradocollege.edu
Dan,Bell,dan.bell@coloradocollege.edu
Boris,Lambert,boris.lambert@coloradocollege.edu
Ruth,Manning,ruth.manning@coloradocollege.edu
Dorothy,Edmunds,dorothy.edmunds@coloradocollege.edu
Max,Allan,max.allan@coloradocollege.edu
Natalie,Anderson,natalie.anderson@coloradocollege.edu
Stephanie,Short,stephanie.short@coloradocollege.edu
Max,Peters,max.peters@coloradocollege.edu
Christian,Graham,christian.graham@coloradocollege.edu
Kylie,Sanderson,kylie.sanderson@coloradocollege.edu
Jack,MacDonald,jack.macdonald@coloradocollege.edu
Lisa,Bond,lisa.bond@coloradocollege.edu
Emily,Scott,emily.scott@coloradocollege.edu
Nicholas,Burgess,nicholas.burgess@coloradocollege.edu
Jacob,Roberts,jacob.roberts@coloradocollege.edu
Rose,Gray,rose.gray@coloradocollege.edu
Pippa,Hughes,pippa.hughes@coloradocollege.edu
Boris,Glover,boris.glover@coloradocollege.edu
Jacob,Avery,jacob.avery@coloradocollege.edu
Gordon,Reid,gordon.reid@coloradocollege.edu
Donna,Lyman,donna.lyman@coloradocollege.edu
Caroline,Chapman,caroline.chapman@coloradocollege.edu
Sonia,Peters,sonia.peters@coloradocollege.edu
Oliver,Mackay,oliver.mackay@coloradocollege.edu
Fiona,Hodges,fiona.hodges@coloradocollege.edu
Joshua,Scott,joshua.scott@coloradocollege.edu
Ian,King,ian.king@coloradocollege.edu
Gavin,MacDonald,gavin.macdonald@coloradocollege.edu
Jennifer,Ferguson,jennifer.ferguson@coloradocollege.edu
Blake,Murray,blake.murray@coloradocollege.edu
Theresa,Martin,theresa.martin@coloradocollege.edu
Adrian,Greene,adrian.greene@coloradocollege.edu
Eric,Watson,eric.watson@coloradocollege.edu
Jane,Hill,jane.hill@coloradocollege.edu
Carol,Morrison,carol.morrison@coloradocollege.edu
Carolyn,Underwood,carolyn.underwood@coloradocollege.edu
Jonathan,Payne,jonathan.payne@coloradocollege.edu
Carolyn,Ross,carolyn.ross@coloradocollege.edu
Fiona,Mackay,fiona.mackay@coloradocollege.edu
Paul,Skinner,paul.skinner@coloradocollege.edu
Grace,Blake,grace.blake@coloradocollege.edu
Wanda,Hodges,wanda.hodges@coloradocollege.edu
Gabrielle,MacDonald,gabrielle.macdonald@coloradocollege.edu
Sonia,MacLeod,sonia.macleod@coloradocollege.edu
Audrey,King,audrey.king@coloradocollege.edu
Emma,Dickens,emma.dickens@coloradocollege.edu
Keith,Parr,keith.parr@coloradocollege.edu
Anne,Taylor,anne.taylor@coloradocollege.edu
Ava,Hudson,ava.hudson@coloradocollege.edu
Ava,Hardacre,ava.hardacre@coloradocollege.edu
Sophie,Nolan,sophie.nolan@coloradocollege.edu
Anthony,Edmunds,anthony.edmunds@coloradocollege.edu
Max,Marshall,max.marshall@coloradocollege.edu
Austin,Churchill,austin.churchill@coloradocollege.edu
Ryan,Kelly,ryan.kelly@coloradocollege.edu
Sophie,Hart,sophie.hart@coloradocollege.edu
Leonard,Parr,leonard.parr@coloradocollege.edu
John,Edmunds,john.edmunds@coloradocollege.edu
Ella,Paige,ella.paige@coloradocollege.edu
Alexandra,Simpson,alexandra.simpson@coloradocollege.edu
Mary,Welch,mary.welch@coloradocollege.edu
Emily,Dowd,emily.dowd@coloradocollege.edu
Zoe,Young,zoe.young@coloradocollege.edu
Robert,Reid,robert.reid@coloradocollege.edu
Matt,Mackay,matt.mackay@coloradocollege.edu
Joan,Bower,joan.bower@coloradocollege.edu
Lillian,Reid,lillian.reid@coloradocollege.edu
Lillian,MacLeod,lillian.macleod@coloradocollege.edu
Chloe,Coleman,chloe.coleman@coloradocollege.edu
Joe,Peters,joe.peters@coloradocollege.edu
Tracey,Vance,tracey.vance@coloradocollege.edu
Jack,Stewart,jack.stewart@coloradocollege.edu
Justin,Murray,justin.murray@coloradocollege.edu
Amelia,King,amelia.king@coloradocollege.edu
Heather,Duncan,heather.duncan@coloradocollege.edu
Anthony,Howard,anthony.howard@coloradocollege.edu
Mary,Miller,mary.miller@coloradocollege.edu
Eric,Ellison,eric.ellison@coloradocollege.edu
Victoria,Miller,victoria.miller@coloradocollege.edu
Cameron,White,cameron.white@coloradocollege.edu
Joseph,Knox,joseph.knox@coloradocollege.edu
Amelia,Scott,amelia.scott@coloradocollege.edu
Molly,Stewart,molly.stewart@coloradocollege.edu
Justin,Slater,justin.slater@coloradocollege.edu
Tracey,Bailey,tracey.bailey@coloradocollege.edu
Colin,Clarkson,colin.clarkson@coloradocollege.edu
Jason,Paterson,jason.paterson@coloradocollege.edu
Anna,Mathis,anna.mathis@coloradocollege.edu
Austin,Ogden,austin.ogden@coloradocollege.edu
Richard,Gill,richard.gill@coloradocollege.edu
Bernadette,Ogden,bernadette.ogden@coloradocollege.edu
Jessica,Hamilton,jessica.hamilton@coloradocollege.edu
Alexandra,Hodges,alexandra.hodges@coloradocollege.edu
Robert,Butler,robert.butler@coloradocollege.edu
Jan,Rees,jan.rees@coloradocollege.edu
Heather,Poole,heather.poole@coloradocollege.edu
Neil,McGrath,neil.mcgrath@coloradocollege.edu
Lisa,Thomson,lisa.thomson@coloradocollege.edu
Rachel,Blake,rachel.blake@coloradocollege.edu
Amy,MacLeod,amy.macleod@coloradocollege.edu
Olivia,Rutherford,olivia.rutherford@coloradocollege.edu
Jack,Lyman,jack.lyman@coloradocollege.edu
Neil,Paige,neil.paige@coloradocollege.edu
Rebecca,Rampling,rebecca.rampling@coloradocollege.edu
Christopher,Randall,christopher.randall@coloradocollege.edu
Caroline,Forsyth,caroline.forsyth@coloradocollege.edu
Donna,Quinn,donna.quinn@coloradocollege.edu
Steven,Brown,steven.brown@coloradocollege.edu
Sebastian,Miller,sebastian.miller@coloradocollege.edu
Kimberly,Walsh,kimberly.walsh@coloradocollege.edu
Penelope,Brown,penelope.brown@coloradocollege.edu
Amanda,Manning,amanda.manning@coloradocollege.edu
Gordon,Langdon,gordon.langdon@coloradocollege.edu
Chloe,Wilkins,chloe.wilkins@coloradocollege.edu
Matt,Rutherford,matt.rutherford@coloradocollege.edu
Irene,Bower,irene.bower@coloradocollege.edu
Victoria,Howard,victoria.howard@coloradocollege.edu
Jan,Turner,jan.turner@coloradocollege.edu
Yvonne,Berry,yvonne.berry@coloradocollege.edu
Kevin,Bower,kevin.bower@coloradocollege.edu
David,Chapman,david.chapman@coloradocollege.edu
Sarah,Clarkson,sarah.clarkson@coloradocollege.edu
Neil,Lyman,neil.lyman@coloradocollege.edu
Emma,Johnston,emma.johnston@coloradocollege.edu
Lauren,Russell,lauren.russell@coloradocollege.edu
Joan,Bell,joan.bell@coloradocollege.edu
Isaac,Jones,isaac.jones@coloradocollege.edu
Sean,Cameron,sean.cameron@coloradocollege.edu
Virginia,Wilson,virginia.wilson@coloradocollege.edu
Bella,White,bella.white@coloradocollege.edu
Jane,Ogden,jane.ogden@coloradocollege.edu
Carolyn,Hudson,carolyn.hudson@coloradocollege.edu
Alan,Underwood,alan.underwood@coloradocollege.edu
Sonia,Stewart,sonia.stewart@coloradocollege.edu
Warren,Hart,warren.hart@coloradocollege.edu
Tracey,Lambert,tracey.lambert@coloradocollege.edu
Richard,Hardacre,richard.hardacre@coloradocollege.edu
Michelle,Arnold,michelle.arnold@coloradocollege.edu
Melanie,Clarkson,melanie.clarkson@coloradocollege.edu
Thomas,Davidson,thomas.davidson@coloradocollege.edu
Owen,Robertson,owen.robertson@coloradocollege.edu
Sophie,Baker,sophie.baker@coloradocollege.edu
Christopher,Sanderson,christopher.sanderson@coloradocollege.edu
Sonia,Marshall,sonia.marshall@coloradocollege.edu
Brandon,Ferguson,brandon.ferguson@coloradocollege.edu
Trevor,Anderson,trevor.anderson@coloradocollege.edu
Jennifer,Marshall,jennifer.marshall@coloradocollege.edu
Deirdre,Kerr,deirdre.kerr@coloradocollege.edu
Pippa,Springer,pippa.springer@coloradocollege.edu
Kimberly,Bond,kimberly.bond@coloradocollege.edu
Leonard,Clarkson,leonard.clarkson@coloradocollege.edu
Gabrielle,Watson,gabrielle.watson@coloradocollege.edu
Maria,Allan,maria.allan@coloradocollege.edu
Tracey,Cameron,tracey.cameron@coloradocollege.edu
Luke,Graham,luke.graham@coloradocollege.edu
Cameron,Morgan,cameron.morgan@coloradocollege.edu
Diane,Mills,diane.mills@coloradocollege.edu
Bella,Rampling,bella.rampling@coloradocollege.edu
Cameron,Metcalfe,cameron.metcalfe@coloradocollege.edu
David,White,david.white@coloradocollege.edu
Stephanie,Mills,stephanie.mills@coloradocollege.edu
Jane,Martin,jane.martin@coloradocollege.edu
Emily,McGrath,emily.mcgrath@coloradocollege.edu
Kevin,McGrath,kevin.mcgrath@coloradocollege.edu
Austin,Springer,austin.springer@coloradocollege.edu
Lisa,Mathis,lisa.mathis@coloradocollege.edu
Wendy,Manning,wendy.manning@coloradocollege.edu
Stephen,Welch,stephen.welch@coloradocollege.edu
Sally,Coleman,sally.coleman@coloradocollege.edu
Stewart,Wilson,stewart.wilson@coloradocollege.edu
Anna,Dickens,anna.dickens@coloradocollege.edu
Karen,Cameron,karen.cameron@coloradocollege.edu
David,Hudson,david.hudson@coloradocollege.edu
Eric,Walker,eric.walker@coloradocollege.edu
Virginia,Coleman,virginia.coleman@coloradocollege.edu
Mary,Parsons,mary.parsons@coloradocollege.edu
Carl,McLean,carl.mclean@coloradocollege.edu
Carol,Bond,carol.bond@coloradocollege.edu
Felicity,Paige,felicity.paige@coloradocollege.edu
Sophie,Coleman,sophie.coleman@coloradocollege.edu
Jake,MacDonald,jake.macdonald@coloradocollege.edu
Kevin,Scott,kevin.scott@coloradocollege.edu
Maria,Bell,maria.bell@coloradocollege.edu
Harry,Howard,harry.howard@coloradocollege.edu
Neil,Butler,neil.butler@coloradocollege.edu
Keith,Henderson,keith.henderson@coloradocollege.edu
Amanda,Brown,amanda.brown@coloradocollege.edu
Matt,Turner,matt.turner@coloradocollege.edu
Una,Short,una.short@coloradocollege.edu
Paul,Dowd,paul.dowd@coloradocollege.edu
Una,Ellison,una.ellison@coloradocollege.edu
Sonia,Short,sonia.short@coloradocollege.edu
Anna,Walker,anna.walker@coloradocollege.edu
Sam,McDonald,sam.mcdonald@coloradocollege.edu
Sue,Wilson,sue.wilson@coloradocollege.edu
Kylie,Ferguson,kylie.ferguson@coloradocollege.edu
Stephanie,Sharp,stephanie.sharp@coloradocollege.edu
Ryan,Edmunds,ryan.edmunds@coloradocollege.edu
Michelle,Chapman,michelle.chapman@coloradocollege.edu
Christopher,Hardacre,christopher.hardacre@coloradocollege.edu
Wanda,Butler,wanda.butler@coloradocollege.edu
Tracey,Grant,tracey.grant@coloradocollege.edu
Eric,Carr,eric.carr@coloradocollege.edu
Austin,Graham,austin.graham@coloradocollege.edu
Zoe,Davies,zoe.davies@coloradocollege.edu
Lauren,Rampling,lauren.rampling@coloradocollege.edu
Fiona,MacDonald,fiona.macdonald@coloradocollege.edu
Lily,Ogden,lily.ogden@coloradocollege.edu
Jason,Robertson,jason.robertson@coloradocollege.edu
Nathan,Mills,nathan.mills@coloradocollege.edu
Melanie,Jackson,melanie.jackson@coloradocollege.edu
Una,Taylor,una.taylor@coloradocollege.edu
Joan,Underwood,joan.underwood@coloradocollege.edu
Carl,May,carl.may@coloradocollege.edu
Audrey,Paige,audrey.paige@coloradocollege.edu
Anna,Kerr,anna.kerr@coloradocollege.edu
Audrey,Carr,audrey.carr@coloradocollege.edu
Michael,Gill,michael.gill@coloradocollege.edu
Diane,Smith,diane.smith@coloradocollege.edu
Pippa,Hunter,pippa.hunter@coloradocollege.edu
Sally,James,sally.james@coloradocollege.edu
Peter,McLean,peter.mclean@coloradocollege.edu
Amelia,Stewart,amelia.stewart@coloradocollege.edu
Sarah,Thomson,sarah.thomson@coloradocollege.edu
Samantha,Hill,samantha.hill@coloradocollege.edu
Madeleine,Hardacre,madeleine.hardacre@coloradocollege.edu
Nathan,Dowd,nathan.dowd@coloradocollege.edu
Samantha,Walsh,samantha.walsh@coloradocollege.edu
Deirdre,Anderson,deirdre.anderson@coloradocollege.edu
Anna,Miller,anna.miller@coloradocollege.edu
Elizabeth,James,elizabeth.james@coloradocollege.edu
Samantha,Wright,samantha.wright@coloradocollege.edu
David,Ince,david.ince@coloradocollege.edu
William,Powell,william.powell@coloradocollege.edu
Sue,Parsons,sue.parsons@coloradocollege.edu
Amy,Rampling,amy.rampling@coloradocollege.edu
Theresa,Dowd,theresa.dowd@coloradocollege.edu
Megan,Walsh,megan.walsh@coloradocollege.edu
Melanie,Skinner,melanie.skinner@coloradocollege.edu
Joe,Ince,joe.ince@coloradocollege.edu
Oliver,Young,oliver.young@coloradocollege.edu
Nicholas,Anderson,nicholas.anderson@coloradocollege.edu
Jonathan,Manning,jonathan.manning@coloradocollege.edu
Penelope,Stewart,penelope.stewart@coloradocollege.edu
Austin,Hodges,austin.hodges@coloradocollege.edu
Carol,Forsyth,carol.forsyth@coloradocollege.edu
Leonard,Mathis,leonard.mathis@coloradocollege.edu
Emily,Lawrence,emily.lawrence@coloradocollege.edu
Ian,Mills,ian.mills@coloradocollege.edu
Mary,Randall,mary.randall@coloradocollege.edu
Julia,Morgan,julia.morgan@coloradocollege.edu
Virginia,Reid,virginia.reid@coloradocollege.edu
Paul,Hill,paul.hill@coloradocollege.edu
Adrian,Stewart,adrian.stewart@coloradocollege.edu
Jacob,Duncan,jacob.duncan@coloradocollege.edu
Gordon,Parsons,gordon.parsons@coloradocollege.edu
Robert,Simpson,robert.simpson@coloradocollege.edu
Boris,White,boris.white@coloradocollege.edu
Leonard,Slater,leonard.slater@coloradocollege.edu
Boris,Sharp,boris.sharp@coloradocollege.edu
Thomas,Wilson,thomas.wilson@coloradocollege.edu
Sophie,James,sophie.james@coloradocollege.edu
Andrea,Hunter,andrea.hunter@coloradocollege.edu
Robert,Campbell,robert.campbell@coloradocollege.edu
James,Blake,james.blake@coloradocollege.edu
Jan,Randall,jan.randall@coloradocollege.edu
Oliver,Roberts,oliver.roberts@coloradocollege.edu
Joanne,Rees,joanne.rees@coloradocollege.edu
Gordon,MacLeod,gordon.macleod@coloradocollege.edu
Victor,Gill,victor.gill@coloradocollege.edu
Jennifer,Vaughan,jennifer.vaughan@coloradocollege.edu
Gabrielle,Brown,gabrielle.brown@coloradocollege.edu
Brian,Sutherland,brian.sutherland@coloradocollege.edu
Dorothy,Payne,dorothy.payne@coloradocollege.edu
Max,Watson,max.watson@coloradocollege.edu
Max,Ellison,max.ellison@coloradocollege.edu
Simon,Clarkson,simon.clarkson@coloradocollege.edu
Theresa,Campbell,theresa.campbell@coloradocollege.edu
Adam,MacLeod,adam.macleod@coloradocollege.edu
Sonia,Lee,sonia.lee@coloradocollege.edu
Madeleine,Lawrence,madeleine.lawrence@coloradocollege.edu
Gordon,Hunter,gordon.hunter@coloradocollege.edu
Hannah,McLean,hannah.mclean@coloradocollege.edu
Alexandra,Gill,alexandra.gill@coloradocollege.edu
Warren,Murray,warren.murray@coloradocollege.edu
Sam,Ince,sam.ince@coloradocollege.edu
Carol,Cornish,carol.cornish@coloradocollege.edu
Lucas,Gray,lucas.gray@coloradocollege.edu
Adrian,Harris,adrian.harris@coloradocollege.edu
Sarah,White,sarah.white@coloradocollege.edu
Michael,Slater,michael.slater@coloradocollege.edu
Emily,Sanderson,emily.sanderson@coloradocollege.edu
Edward,Lawrence,edward.lawrence@coloradocollege.edu
David,Reid,david.reid@coloradocollege.edu
Stewart,Reid,stewart.reid@coloradocollege.edu
Carol,Fisher,carol.fisher@coloradocollege.edu
Felicity,Morrison,felicity.morrison@coloradocollege.edu
Rebecca,McDonald,rebecca.mcdonald@coloradocollege.edu
Lauren,Murray,lauren.murray@coloradocollege.edu
Benjamin,Campbell,benjamin.campbell@coloradocollege.edu
Blake,Scott,blake.scott@coloradocollege.edu
Donna,Payne,donna.payne@coloradocollege.edu
Colin,Kerr,colin.kerr@coloradocollege.edu
Karen,Campbell,karen.campbell@coloradocollege.edu
William,Paterson,william.paterson@coloradocollege.edu
Nicola,Sharp,nicola.sharp@coloradocollege.edu
Sean,Ross,sean.ross@coloradocollege.edu
David,Lambert,david.lambert@coloradocollege.edu
Samantha,Parsons,samantha.parsons@coloradocollege.edu
Christian,Tucker,christian.tucker@coloradocollege.edu
Kevin,Davies,kevin.davies@coloradocollege.edu
Piers,Kelly,piers.kelly@coloradocollege.edu
Dylan,Murray,dylan.murray@coloradocollege.edu
Caroline,Johnston,caroline.johnston@coloradocollege.edu
Lisa,Short,lisa.short@coloradocollege.edu
Kylie,Hughes,kylie.hughes@coloradocollege.edu
John,Martin,john.martin@coloradocollege.edu
Austin,Sutherland,austin.sutherland@coloradocollege.edu
Julia,Hudson,julia.hudson@coloradocollege.edu
Nathan,Pullman,nathan.pullman@coloradocollege.edu
Theresa,Parsons,theresa.parsons@coloradocollege.edu
Benjamin,Marshall,benjamin.marshall@coloradocollege.edu
Megan,Graham,megan.graham@coloradocollege.edu
Yvonne,Hughes,yvonne.hughes@coloradocollege.edu
Eric,Short,eric.short@coloradocollege.edu
Carl,Hudson,carl.hudson@coloradocollege.edu
Adrian,Campbell,adrian.campbell@coloradocollege.edu
Yvonne,Glover,yvonne.glover@coloradocollege.edu
Hannah,Skinner,hannah.skinner@coloradocollege.edu
Harry,Hodges,harry.hodges@coloradocollege.edu
Anna,Hamilton,anna.hamilton@coloradocollege.edu
Jasmine,Hart,jasmine.hart@coloradocollege.edu
Boris,King,boris.king@coloradocollege.edu
Isaac,Underwood,isaac.underwood@coloradocollege.edu
Caroline,Welch,caroline.welch@coloradocollege.edu
Alan,Langdon,alan.langdon@coloradocollege.edu
Peter,Glover,peter.glover@coloradocollege.edu
Grace,Nash,grace.nash@coloradocollege.edu
Richard,Burgess,richard.burgess@coloradocollege.edu
Bernadette,Allan,bernadette.allan@coloradocollege.edu
Stephen,Dyer,stephen.dyer@coloradocollege.edu
Stewart,Gill,stewart.gill@coloradocollege.edu
Katherine,Clark,katherine.clark@coloradocollege.edu
Diane,Grant,diane.grant@coloradocollege.edu
Sonia,Terry,sonia.terry@coloradocollege.edu
Jack,Baker,jack.baker@coloradocollege.edu
Theresa,Lee,theresa.lee@coloradocollege.edu
Brandon,May,brandon.may@coloradocollege.edu
Dan,Lambert,dan.lambert@coloradocollege.edu
Kevin,Anderson,kevin.anderson@coloradocollege.edu
Mary,Hughes,mary.hughes@coloradocollege.edu
Michael,Walsh,michael.walsh@coloradocollege.edu
Steven,Pullman,steven.pullman@coloradocollege.edu
Diane,Taylor,diane.taylor@coloradocollege.edu
Donna,Gill,donna.gill@coloradocollege.edu
Owen,Alsop,owen.alsop@coloradocollege.edu
Victoria,Jackson,victoria.jackson@coloradocollege.edu
Jacob,Watson,jacob.watson@coloradocollege.edu
Madeleine,Bower,madeleine.bower@coloradocollege.edu
Lisa,Wallace,lisa.wallace@coloradocollege.edu
Harry,Dowd,harry.dowd@coloradocollege.edu
Wanda,Marshall,wanda.marshall@coloradocollege.edu
Sam,Ball,sam.ball@coloradocollege.edu
Paul,Henderson,paul.henderson@coloradocollege.edu
Max,Bailey,max.bailey@coloradocollege.edu
Benjamin,Anderson,benjamin.anderson@coloradocollege.edu
Amy,McLean,amy.mclean@coloradocollege.edu
Jonathan,Bond,jonathan.bond@coloradocollege.edu
Faith,Rampling,faith.rampling@coloradocollege.edu
Amanda,Jackson,amanda.jackson@coloradocollege.edu
Frank,Rutherford,frank.rutherford@coloradocollege.edu
Bernadette,Poole,bernadette.poole@coloradocollege.edu
Warren,Payne,warren.payne@coloradocollege.edu
Alexandra,James,alexandra.james@coloradocollege.edu
Alexander,Peake,alexander.peake@coloradocollege.edu
Boris,Randall,boris.randall@coloradocollege.edu
Julia,Lee,julia.lee@coloradocollege.edu
Luke,Hamilton,luke.hamilton@coloradocollege.edu
Diane,Nolan,diane.nolan@coloradocollege.edu
Owen,Hudson,owen.hudson@coloradocollege.edu
Julian,Butler,julian.butler@coloradocollege.edu
Neil,Sharp,neil.sharp@coloradocollege.edu
Jessica,Oliver,jessica.oliver@coloradocollege.edu
Jason,Marshall,jason.marshall@coloradocollege.edu
Andrew,Newman,andrew.newman@coloradocollege.edu
Claire,Davies,claire.davies@coloradocollege.edu
Richard,Clark,richard.clark@coloradocollege.edu
Sue,Butler,sue.butler@coloradocollege.edu
Liam,Springer,liam.springer@coloradocollege.edu
Leonard,Vaughan,leonard.vaughan@coloradocollege.edu
Joshua,Ince,joshua.ince@coloradocollege.edu
Audrey,Stewart,audrey.stewart@coloradocollege.edu
Karen,Quinn,karen.quinn@coloradocollege.edu
Fiona,Clark,fiona.clark@coloradocollege.edu
Warren,Sharp,warren.sharp@coloradocollege.edu
Keith,Robertson,keith.robertson@coloradocollege.edu
Ava,May,ava.may@coloradocollege.edu
Isaac,Metcalfe,isaac.metcalfe@coloradocollege.edu
Karen,Manning,karen.manning@coloradocollege.edu
Luke,Taylor,luke.taylor@coloradocollege.edu
David,Quinn,david.quinn@coloradocollege.edu
Lily,Smith,lily.smith@coloradocollege.edu
Vanessa,Clark,vanessa.clark@coloradocollege.edu
Heather,Gibson,heather.gibson@coloradocollege.edu
Amanda,Allan,amanda.allan@coloradocollege.edu
Justin,King,justin.king@coloradocollege.edu
Rachel,Bower,rachel.bower@coloradocollege.edu
Keith,Mathis,keith.mathis@coloradocollege.edu
William,McLean,william.mclean@coloradocollege.edu
Michael,Manning,michael.manning@coloradocollege.edu
Carol,Slater,carol.slater@coloradocollege.edu
Mary,Hart,mary.hart@coloradocollege.edu
Jacob,Piper,jacob.piper@coloradocollege.edu
James,Ellison,james.ellison@coloradocollege.edu
Sonia,Quinn,sonia.quinn@coloradocollege.edu
Eric,Ferguson,eric.ferguson@coloradocollege.edu
Amanda,Morgan,amanda.morgan@coloradocollege.edu
Alexander,Cornish,alexander.cornish@coloradocollege.edu
Dan,Springer,dan.springer@coloradocollege.edu
Bernadette,Stewart,bernadette.stewart@coloradocollege.edu
Rachel,Harris,rachel.harris@coloradocollege.edu
Warren,Clark,warren.clark@coloradocollege.edu
Ava,Coleman,ava.coleman@coloradocollege.edu
Justin,Ellison,justin.ellison@coloradocollege.edu
Sue,Davies,sue.davies@coloradocollege.edu
Evan,Cameron,evan.cameron@coloradocollege.edu
Deirdre,Alsop,deirdre.alsop@coloradocollege.edu
Stephanie,Howard,stephanie.howard@coloradocollege.edu
Hannah,Forsyth,hannah.forsyth@coloradocollege.edu
Vanessa,Knox,vanessa.knox@coloradocollege.edu
Caroline,Davies,caroline.davies@coloradocollege.edu
Ava,Glover,ava.glover@coloradocollege.edu
Heather,Arnold,heather.arnold@coloradocollege.edu
Jennifer,Gibson,jennifer.gibson@coloradocollege.edu
Joshua,McDonald,joshua.mcdonald@coloradocollege.edu
Andrew,Forsyth,andrew.forsyth@coloradocollege.edu
Sean,Quinn,sean.quinn@coloradocollege.edu
Megan,Ball,megan.ball@coloradocollege.edu
Madeleine,Short,madeleine.short@coloradocollege.edu
Carl,Roberts,carl.roberts@coloradocollege.edu
Emily,Reid,emily.reid@coloradocollege.edu
Nathan,Payne,nathan.payne@coloradocollege.edu
Jane,Avery,jane.avery@coloradocollege.edu
Anthony,Butler,anthony.butler@coloradocollege.edu
Theresa,Anderson,theresa.anderson@coloradocollege.edu
Rachel,MacDonald,rachel.macdonald@coloradocollege.edu
Joanne,MacDonald,joanne.macdonald@coloradocollege.edu
Piers,Walsh,piers.walsh@coloradocollege.edu
Gabrielle,Johnston,gabrielle.johnston@coloradocollege.edu
Bella,Butler,bella.butler@coloradocollege.edu
Katherine,Parr,katherine.parr@coloradocollege.edu
Carl,Martin,carl.martin@coloradocollege.edu
James,Rutherford,james.rutherford@coloradocollege.edu
Anne,Nolan,anne.nolan@coloradocollege.edu
Melanie,Lawrence,melanie.lawrence@coloradocollege.edu
Fiona,Short,fiona.short@coloradocollege.edu
Benjamin,Chapman,benjamin.chapman@coloradocollege.edu
Carl,Duncan,carl.duncan@coloradocollege.edu
Isaac,Brown,isaac.brown@coloradocollege.edu
Liam,Brown,liam.brown@coloradocollege.edu
David,Henderson,david.henderson@coloradocollege.edu
Audrey,Wilson,audrey.wilson@coloradocollege.edu
Keith,Graham,keith.graham@coloradocollege.edu
Jan,Russell,jan.russell@coloradocollege.edu
Rebecca,Peters,rebecca.peters@coloradocollege.edu
Steven,Forsyth,steven.forsyth@coloradocollege.edu
Julia,Rutherford,julia.rutherford@coloradocollege.edu
Boris,Forsyth,boris.forsyth@coloradocollege.edu
Joe,Young,joe.young@coloradocollege.edu
Kevin,Alsop,kevin.alsop@coloradocollege.edu
Amanda,Wallace,amanda.wallace@coloradocollege.edu
Steven,Fisher,steven.fisher@coloradocollege.edu
Alan,Bell,alan.bell@coloradocollege.edu
William,Morgan,william.morgan@coloradocollege.edu
Molly,Johnston,molly.johnston@coloradocollege.edu
Sophie,Hamilton,sophie.hamilton@coloradocollege.edu
Karen,Ince,karen.ince@coloradocollege.edu
Kylie,Ince,kylie.ince@coloradocollege.edu
John,Greene,john.greene@coloradocollege.edu
Nicholas,Hudson,nicholas.hudson@coloradocollege.edu
Emma,Vaughan,emma.vaughan@coloradocollege.edu
Michelle,Hunter,michelle.hunter@coloradocollege.edu
Edward,Manning,edward.manning@coloradocollege.edu
Tim,Edmunds,tim.edmunds@coloradocollege.edu
Yvonne,Ince,yvonne.ince@coloradocollege.edu
Robert,Metcalfe,robert.metcalfe@coloradocollege.edu
Claire,Paige,claire.paige@coloradocollege.edu
Leonard,MacDonald,leonard.macdonald@coloradocollege.edu
Diane,Brown,diane.brown@coloradocollege.edu
Lucas,Dyer,lucas.dyer@coloradocollege.edu
Jane,Hughes,jane.hughes@coloradocollege.edu
Jonathan,McLean,jonathan.mclean@coloradocollege.edu
Jasmine,Mackay,jasmine.mackay@coloradocollege.edu
Isaac,Bond,isaac.bond@coloradocollege.edu
Pippa,Newman,pippa.newman@coloradocollege.edu
Sue,Wright,sue.wright@coloradocollege.edu
Cameron,Ince,cameron.ince@coloradocollege.edu
Frank,Newman,frank.newman@coloradocollege.edu
Sean,May,sean.may@coloradocollege.edu
Claire,McGrath,claire.mcgrath@coloradocollege.edu
Alison,Campbell,alison.campbell@coloradocollege.edu
Natalie,James,natalie.james@coloradocollege.edu
Sonia,Parsons,sonia.parsons@coloradocollege.edu
Jake,Mackenzie,jake.mackenzie@coloradocollege.edu
Yvonne,Kelly,yvonne.kelly@coloradocollege.edu
Dan,Churchill,dan.churchill@coloradocollege.edu
Stephanie,Marshall,stephanie.marshall@coloradocollege.edu
Ryan,Martin,ryan.martin@coloradocollege.edu
Nicholas,King,nicholas.king@coloradocollege.edu
Jasmine,Parsons,jasmine.parsons@coloradocollege.edu
John,Lewis,john.lewis@coloradocollege.edu
Lisa,Bailey,lisa.bailey@coloradocollege.edu
Samantha,Hodges,samantha.hodges@coloradocollege.edu
Ian,Mitchell,ian.mitchell@coloradocollege.edu
Cameron,Walsh,cameron.walsh@coloradocollege.edu
William,Knox,william.knox@coloradocollege.edu
Sebastian,Quinn,sebastian.quinn@coloradocollege.edu
Nicola,Hill,nicola.hill@coloradocollege.edu
Trevor,Russell,trevor.russell@coloradocollege.edu
Dan,Sanderson,dan.sanderson@coloradocollege.edu
Owen,Abraham,owen.abraham@coloradocollege.edu
Alexandra,Hunter,alexandra.hunter@coloradocollege.edu
Lauren,Anderson,lauren.anderson@coloradocollege.edu
Caroline,Ogden,caroline.ogden@coloradocollege.edu
Ella,Fraser,ella.fraser@coloradocollege.edu
Ella,Paterson,ella.paterson@coloradocollege.edu
John,Paterson,john.paterson@coloradocollege.edu
Ruth,Carr,ruth.carr@coloradocollege.edu
Caroline,Howard,caroline.howard@coloradocollege.edu
Ryan,Lambert,ryan.lambert@coloradocollege.edu
Grace,Davidson,grace.davidson@coloradocollege.edu
Christian,Sharp,christian.sharp@coloradocollege.edu
Carol,Wilson,carol.wilson@coloradocollege.edu
Anthony,Clarkson,anthony.clarkson@coloradocollege.edu
Amelia,Hamilton,amelia.hamilton@coloradocollege.edu
Carolyn,Berry,carolyn.berry@coloradocollege.edu
Paul,Rees,paul.rees@coloradocollege.edu
Trevor,Smith,trevor.smith@coloradocollege.edu
Dan,Ball,dan.ball@coloradocollege.edu
Caroline,Powell,caroline.powell@coloradocollege.edu
Austin,Thomson,austin.thomson@coloradocollege.edu
Charles,Forsyth,charles.forsyth@coloradocollege.edu
Megan,Metcalfe,megan.metcalfe@coloradocollege.edu
Ian,Allan,ian.allan@coloradocollege.edu
Oliver,Jones,oliver.jones@coloradocollege.edu
Max,Turner,max.turner@coloradocollege.edu
Ruth,Reid,ruth.reid@coloradocollege.edu
Richard,Forsyth,richard.forsyth@coloradocollege.edu
Tim,Skinner,tim.skinner@coloradocollege.edu
Angela,Hudson,angela.hudson@coloradocollege.edu
Penelope,Abraham,penelope.abraham@coloradocollege.edu
Lisa,Hodges,lisa.hodges@coloradocollege.edu
Simon,Wilson,simon.wilson@coloradocollege.edu
Nicola,Ince,nicola.ince@coloradocollege.edu
Tracey,Davies,tracey.davies@coloradocollege.edu
Anna,McLean,anna.mclean@coloradocollege.edu
Connor,Bell,connor.bell@coloradocollege.edu
Blake,Cornish,blake.cornish@coloradocollege.edu
Gordon,Ferguson,gordon.ferguson@coloradocollege.edu
Vanessa,Lambert,vanessa.lambert@coloradocollege.edu
Dominic,Simpson,dominic.simpson@coloradocollege.edu
Tracey,Clark,tracey.clark@coloradocollege.edu
Robert,Stewart,robert.stewart@coloradocollege.edu
Alan,Mitchell,alan.mitchell@coloradocollege.edu
Stewart,Morrison,stewart.morrison@coloradocollege.edu
Theresa,McDonald,theresa.mcdonald@coloradocollege.edu
Zoe,Gill,zoe.gill@coloradocollege.edu
Austin,Paterson,austin.paterson@coloradocollege.edu
Mary,Watson,mary.watson@coloradocollege.edu
Megan,Churchill,megan.churchill@coloradocollege.edu
Neil,Kelly,neil.kelly@coloradocollege.edu
Eric,Knox,eric.knox@coloradocollege.edu
Jack,Walsh,jack.walsh@coloradocollege.edu
Dominic,Turner,dominic.turner@coloradocollege.edu
Joanne,Bailey,joanne.bailey@coloradocollege.edu
Audrey,Fisher,audrey.fisher@coloradocollege.edu
Diane,Wilson,diane.wilson@coloradocollege.edu
Victoria,Ince,victoria.ince@coloradocollege.edu
Steven,MacDonald,steven.macdonald@coloradocollege.edu
Natalie,Churchill,natalie.churchill@coloradocollege.edu
Anna,Rutherford,anna.rutherford@coloradocollege.edu
Megan,Mitchell,megan.mitchell@coloradocollege.edu
Tracey,Avery,tracey.avery@coloradocollege.edu
Alexandra,Hardacre,alexandra.hardacre@coloradocollege.edu
Victor,Russell,victor.russell@coloradocollege.edu
Irene,Short,irene.short@coloradocollege.edu
Megan,Clark,megan.clark@coloradocollege.edu
Una,Nash,una.nash@coloradocollege.edu
Diana,McDonald,diana.mcdonald@coloradocollege.edu
Gabrielle,Alsop,gabrielle.alsop@coloradocollege.edu
John,Harris,john.harris@coloradocollege.edu
Leonard,Lee,leonard.lee@coloradocollege.edu